,0
0,b'image_0.jpg'
1,b'image_1.jpg'
2,b'image_10.jpg'
3,b'image_11.jpg'
4,b'image_12.jpg'
5,b'image_13.jpg'
6,b'image_14.jpg'
7,b'image_15.jpg'
8,b'image_16.jpg'
9,b'image_17.jpg'
10,b'image_18.jpg'
11,b'image_19.jpg'
12,b'image_2.jpg'
13,b'image_20.jpg'
14,b'image_21.jpg'
15,b'image_22.jpg'
16,b'image_23.jpg'
17,b'image_24.jpg'
18,b'image_25.jpg'
19,b'image_26.jpg'
20,b'image_27.jpg'
21,b'image_28.jpg'
22,b'image_29.jpg'
23,b'image_3.jpg'
24,b'image_30.jpg'
25,b'image_31.jpg'
26,b'image_32.jpg'
27,b'image_33.jpg'
28,b'image_34.jpg'
29,b'image_35.jpg'
30,b'image_36.jpg'
31,b'image_37.jpg'
32,b'image_38.jpg'
33,b'image_39.jpg'
34,b'image_4.jpg'
35,b'image_40.jpg'
36,b'image_41.jpg'
37,b'image_42.jpg'
38,b'image_43.jpg'
39,b'image_44.jpg'
40,b'image_45.jpg'
41,b'image_46.jpg'
42,b'image_47.jpg'
43,b'image_48.jpg'
44,b'image_49.jpg'
45,b'image_5.jpg'
46,b'image_50.jpg'
47,b'image_51.jpg'
48,b'image_52.jpg'
49,b'image_53.jpg'
50,b'image_54.jpg'
51,b'image_55.jpg'
52,b'image_56.jpg'
53,b'image_57.jpg'
54,b'image_58.jpg'
55,b'image_59.jpg'
56,b'image_6.jpg'
57,b'image_60.jpg'
58,b'image_61.jpg'
59,b'image_62.jpg'
60,b'image_63.jpg'
61,b'image_64.jpg'
62,b'image_65.jpg'
63,b'image_66.jpg'
64,b'image_67.jpg'
65,b'image_68.jpg'
66,b'image_69.jpg'
67,b'image_7.jpg'
68,b'image_70.jpg'
69,b'image_71.jpg'
70,b'image_72.jpg'
71,b'image_73.jpg'
72,b'image_74.jpg'
73,b'image_75.jpg'
74,b'image_76.jpg'
75,b'image_77.jpg'
76,b'image_78.jpg'
77,b'image_79.jpg'
78,b'image_8.jpg'
79,b'image_80.jpg'
80,b'image_81.jpg'
81,b'image_82.jpg'
82,b'image_83.jpg'
83,b'image_84.jpg'
84,b'image_85.jpg'
85,b'image_86.jpg'
86,b'image_87.jpg'
87,b'image_88.jpg'
88,b'image_89.jpg'
89,b'image_9.jpg'
90,b'image_90.jpg'
91,b'image_91.jpg'
92,b'image_92.jpg'
93,b'image_93.jpg'
94,b'image_94.jpg'
95,b'image_95.jpg'
96,b'image_96.jpg'
97,b'image_97.jpg'
98,b'image_98.jpg'
99,b'image_99.jpg'
